<permission_mappings>
  <permission name='/admin/home.html'>
      <implies allow="post">/ws/schema/query/com.gpsmxp.ellevation.exports.staff_roster</implies>
  </permission>
  <permission name='/admin/home.html'>
      <implies allow="post">/ws/schema/query/com.gpsmxp.ellevation.exports.student_demographics</implies>
  </permission>
  <permission name='/admin/home.html'>
      <implies allow="post">/ws/schema/query/com.gpsmxp.ellevation.exports.student_schedules</implies>
  </permission>
</permission_mappings>
