<queries>
  <query name="com.gpsmxp.ellevation.exports.staff_roster" coreTable="Users" flattened="false" tags="mxp">
    <summary>WPS ELLevation Staff Roster</summary>
    <description>WPS ELLevation Staff Roster</description>
    <columns>
      <column column="Users.TeacherNumber">TeacherNumber</column>
      <column column="Users.Email_Addr">Email_Addr</column>
      <column column="Users.First_Name">First_Name</column>
      <column column="Users.Last_Name">Last_Name</column>
      <column column="Users.TeacherNumber">SchoolID</column>
      <column column="Users.TeacherNumber">SchoolNamePlaceHolder</column>
      <column column="Users.TeacherNumber">RolePlaceHolder</column>
      <column column="Users.TeacherNumber">GroupPlaceHolder</column>
    </columns>
    <sql>
	    <![CDATA[				
SELECT
  u.TeacherNumber AS TeacherNumber, 
  LOWER(TRIM(u.Email_Addr)) AS Email_Addr, 
  u.First_Name AS First_Name, 
  u.Last_Name AS Last_Name,
  ss.SchoolID AS SchoolID,
  TO_CHAR('') AS SchoolNamePlaceHolder,
  TO_CHAR('') AS RolePlaceHolder,
  TO_CHAR('') AS GroupPlaceHolder

FROM SchoolStaff ss

INNER JOIN users u
  ON ss.Users_DCID = u.DCID

WHERE ss.Status = 1
  AND LOWER(TRIM(u.Email_Addr)) LIKE '%@watertown.k12.ma.us'
  AND u.TeacherNumber IS NOT NULL
  AND u.Email_Addr IS NOT NULL
  AND u.First_Name IS NOT NULL
  AND u.Last_Name IS NOT NULL
  AND ss.SchoolID > 0

ORDER BY u.Last_Name, u.First_Name, ss.SchoolID
		  ]]>
    </sql>
  </query>	
  <query name="com.gpsmxp.ellevation.exports.student_demographics" coreTable="students" flattened="false" tags="mxp">
    <summary>WPS ELLevation Student Demographics</summary>
    <description>WPS ELLevation Student Demographics</description>
    <columns>
      <column column="Students.Dcid">Dcid</column>
      <column column="Students.First_Name">First_Name</column>
      <column column="Students.Middle_Name">Middle_Name</column>
      <column column="Students.Last_Name">Last_Name</column>
      <column column="Students.Enroll_Status">Enroll_Status</column>
      <column column="Students.SchoolId">SchoolId</column>
      <column column="Students.Student_Number">Student_Number</column>
      <column column="Students.State_StudentNumber">State_StudentNumber</column>
      <column column="Students.Grade_Level">Grade_Level</column>
      <column column="Students.Gender">Gender</column>
      <column column="Students.Dob">DOB</column>
      <column column="Students.Street">Street</column>
      <column column="Students.City">City</column>
      <column column="Students.State">State</column>
      <column column="Students.Zip">Zip</column>
      <column column="Students.Student_Number">BirthCity</column>
      <column column="Students.Student_Number">CountryOfOrigin</column>
      <column column="Students.Student_Number">NativeLanguage</column>
      <column column="Students.FedEthnicity">FedEthnicity</column>
      <column column="Students.Student_Number">EthnicityRaceCode</column>
      <column column="Students.Student_Number">LepProgramStatus</column>
      <column column="Students.Student_Number">LimitedEnglishProficiency</column>
      <column column="Students.Student_Number">Lep1stYrInUs</column>
      <column column="Students.Student_Number">ImmigrantStatus</column>
      <column column="Students.Student_Number">LEP_EntryDate</column>
      <column column="Students.Student_Number">LEP_ExitDate</column>
      <column column="Students.Student_Number">LEP_ScreenedOutDate</column>
      <column column="Students.Student_Number">PHLOTE</column>
      <column column="Students.Student_Number">SPED3to5Placement</column>
      <column column="Students.Student_Number">SPED6to21Placement</column>
      <column column="Students.Student_Number">PrimaryDisability</column>
      <column column="Students.Student_Number">LevelOfNeed</column>
      <column column="Students.Student_Number">Sec504PlanStatus</column>
      <column column="Students.Student_Number">SPEDEvaluationResults</column>
    </columns>
    <sql>
	    <![CDATA[				
SELECT
  s.Dcid AS Dcid,
  s.First_Name AS First_Name,
  s.Middle_Name AS Middle_Name,
  s.Last_Name AS Last_Name,
  s.Enroll_Status AS Enroll_Status,
  s.SchoolId AS SchoolId,
  s.Student_Number AS Student_Number,
  s.State_StudentNumber AS State_StudentNumber,
  s.Grade_Level AS Grade_Level,
  s.Gender AS Gender,
  s.DOB AS DOB,
  s.Street AS Street,
  s.City AS City,
  s.State AS State,
  s.Zip AS Zip,
  msdx.BirthCity AS BirthCity,
  msdx.CountryOfOrigin AS CountryOfOrigin,
  msdx.NativeLanguage AS NativeLanguage,
  s.FedEthnicity AS FedEthnicity,
  msdx.EthnicityRaceCode AS EthnicityRaceCode,
  msdx.LepProgramStatus AS LepProgramStatus,
  msdx.LimitedEnglishProficiency AS LimitedEnglishProficiency,
  msdx.Lep1stYrInUs AS Lep1stYrInUs,
  msdx.ImmigrantStatus AS ImmigrantStatus,
  udes.LEP_EntryDate AS LEP_EntryDate,
  udes.LEP_ExitDate AS LEP_ExitDate,
  mssx.SPED3to5Placement AS SPED3to5Placement,
  mssx.SPED6to21Placement AS SPED6to21Placement,
  mssx.PrimaryDisability AS PrimaryDisability,
  mssx.LevelOfNeed AS LevelOfNeed,
  mssx.Sec504PlanStatus AS Sec504PlanStatus,
  mssx.SPEDEvaluationResults AS SPEDEvaluationResults

FROM Students s

LEFT OUTER JOIN S_MA_Stu_Demographic_X msdx 
  ON s.Dcid = msdx.StudentsDcid

LEFT OUTER JOIN U_Def_Ext_Students udes
  ON s.Dcid = udes.StudentsDcid

LEFT OUTER JOIN S_MA_Stu_SPED_X mssx
  ON s.Dcid = mssx.StudentsDcid

ORDER BY s.Enroll_Status, s.Grade_Level, 
  s.SchoolId, s.Student_Number
		  ]]>
    </sql>
  </query>
  <query name="com.gpsmxp.ellevation.exports.student_schedules" coreTable="CC" flattened="false" tags="mxp">
    <summary>WPS ELLevation Student Schedules</summary>
    <description>WPS ELLevation Student Schedules</description>
    <columns>
      <column column="cc.StudentID">Student_Number</column>
      <column column="cc.StudentID">State_StudentNumber</column>
      <column column="cc.TeacherID">TeacherNumber</column>
      <column column="cc.TeacherID">LastFirst</column>
      <column column="cc.Course_Number">Course_Name</column>
      <column column="cc.Course_Number">Course_Number</column>
      <column column="cc.Section_Number">Section_Number</column>
      <column column="cc.Course_Number">CreditType</column>
      <column column="cc.TermId">TermId</column>
      <column column="cc.SchoolId">SchoolId</column>
    </columns>
    <sql>
	    <![CDATA[				
SELECT
  s.Student_Number AS Student_Number,
  s.State_StudentNumber AS State_StudentNumber, 
  u.TeacherNumber AS TeacherNumber,
  u.LastFirst AS LastFirst, 
  c.Course_Name AS Course_Name,
  cc.Course_Number AS Course_Number,
  cc.Section_Number AS Section_Number,
  c.CreditType AS CreditType,
  cc.TermId AS TermId,
  cc.SchoolId AS SchoolId

FROM Students s

JOIN CC cc
  ON s.ID = cc.StudentID 
JOIN Courses c
  ON UPPER(cc.Course_Number) = UPPER(c.Course_Number)
JOIN SectionTeacher st
  ON cc.sectionid = st.sectionid
JOIN SchoolStaff ss
  ON st.Teacherid = ss.Id
JOIN Users u
  ON u.DCID = ss.Users_DCID
INNER JOIN Sections sct 
   ON cc.SectionId = sct.Id
INNER JOIN Terms t 
   ON sct.TermId = t.Id
  AND sct.SchoolId = t.SchoolId
INNER JOIN Terms yr
   ON t.YearId*100 = yr.Id
  AND yr.SchoolId = 0
  AND yr.FirstDay <= (SELECT SYSTIMESTAMP FROM DUAL)
  AND yr.LastDay >= (SELECT SYSTIMESTAMP FROM DUAL)
  AND yr.IsyearRec = 1
  AND MOD(yr.ID, 100) = 0

ORDER BY s.Enroll_Status, s.Grade_Level, s.SchoolId, s.Student_Number,
         cc.TermId, cc.Course_Number, cc.Section_Number
		  ]]>
    </sql>
  </query>
</queries>
